epoca,loss_train,concodancia_train,loss_validation,validation_acc,validation_qwk,concordancia_validation,y,y_hat,loss_test,test_acc,test_qwk,concordancia_test
0,,,,,,,,,1.6591442227363586,0.7246376872062683,0.0017049883086517337,0.6666666666666666
1,0.5588527917861938,0.46875,1.625486671924591,0.7575757503509521,-0.006668254346272828,0.06060606060606061,"[3, 2, 3, 3, 4, 3, 5, 5, 3, 5, 4, 4, 3, 3, 3, 3, 4, 3, 3, 3, 4, 4, 3, 4, 4, 3, 5, 3, 4, 3, 2, 2, 3, 4, 3, 3, 4, 2, 3, 3, 3, 3, 3, 4, 4, 4, 4, 3, 3, 4, 3, 2, 4, 3, 2, 3, 3, 3, 4, 4, 3, 3, 3, 4, 4, 2, 4, 5, 2, 3, 3, 3, 4, 4, 3, 4, 4, 4, 5, 3, 5, 4, 4, 3, 3, 3, 3, 3, 4, 4, 4, 4, 4, 3, 3, 3, 4, 3, 2, 4, 4, 3, 0, 4, 3, 4, 4, 3, 3, 3, 4, 5, 3, 3, 3, 5, 4, 2, 5, 3, 3, 3, 3, 4, 4, 3, 4, 4, 3, 3, 4, 4, 4, 4, 4, 3, 3, 3]","[1, 1, 1, 1, 1, 0, 0, 1, 1, 1, 2, 0, 1, 1, 0, 1, 1, 1, 2, 0, 1, 0, 2, 0, 0, 2, 1, 1, 1, 1, 2, 2, 1, 1, 1, 1, 0, 2, 1, 1, 1, 0, 1, 0, 1, 0, 0, 1, 0, 0, 1, 0, 1, 1, 0, 1, 0, 0, 1, 1, 1, 1, 1, 1, 1, 0, 0, 0, 1, 1, 1, 0, 0, 1, 1, 1, 0, 0, 0, 1, 0, 1, 1, 0, 0, 1, 1, 1, 1, 1, 0, 1, 0, 2, 1, 2, 1, 1, 1, 0, 1, 0, 1, 1, 1, 0, 0, 0, 1, 2, 1, 0, 2, 1, 1, 0, 1, 1, 1, 0, 0, 0, 2, 1, 1, 1, 0, 1, 1, 0, 1, 0, 1, 0, 1, 0, 1, 0]",1.5747817754745483,2.17391300201416,-0.029903660886319905,0.08695652173913043
